Date,Weekly U.S. Ending Stocks of Finished Motor Gasoline  (Thousand Barrels),U.S. Gasoline Demand (Thousand Barrels per Day),Weekly U.S. Imports of Finished Motor Gasoline  (Thousand Barrels per Day),Weekly U.S. All Grades All Formulations Retail Gasoline Prices  (Dollars per Gallon),Weekly U.S. Product Supplied of Finished Motor Gasoline  (Thousand Barrels per Day),Weekly U.S. Refiner and Blender Net Production of Finished Motor Gasoline  (Thousand Barrels per Day),Weekly U.S. Exports of Finished Motor Gasoline  (Thousand Barrels per Day),Motor Gasoline Consumed by the Transportation Sector(T/ B per Day),Motor Gasoline Consumed by the Commercial Sector(T/ B per Day),Motor Gasoline Consumed by the Industrial Sector(T/ B per Day),Rigs Count
1993-07-01,177380,7788,0,1.068666667,7788.333333,7430,0,7671.1219999999985,16.073,97.481,368
1993-08-01,169446,7857,0,1.0615,7857.5,7288,0,7749.085999999998,16.236,98.471,397
1993-09-01,167090,7559,0,1.0495,7559.5,7528,0,7496.345,15.706,95.26,418
1993-10-01,171262,7553,0,1.0902,7553.6,7416,0,7274.525,15.242,92.441,441
1993-11-01,174098,7507,0,1.062,7507.25,7652,0,7422.855,15.552,94.326,453
1993-12-01,183614,7729,0,1.019,7729.333333,7752,0,7549.658,15.818,95.937,425
1994-01-01,190179,6931,167,1.0,6931.5,7119,0,6875.377,12.130999999999998,92.569,356
1994-02-01,189954,7201,274,1.009,7201.25,6836,0,7165.776,12.644,96.479,337
1994-03-01,182302,7375,360,1.00775,7375.5,6779,0,7284.018,12.852,98.071,323
1994-04-01,175210,7460,368,1.0345,7460.25,7175,0,7450.132,13.145,100.308,314
1994-05-01,181632,7585,416,1.04925,7585.5,7344,0,7529.743,13.286,101.38,320
1994-06-01,180006,7697,369,1.078,7697.5,7449,0,7803.297,13.769,105.063,331
1994-07-01,175649,7720,357,1.1106,7720.4,7240,0,7766.205,13.703,104.563,341
1994-08-01,170996,7852,506,1.161,7852.75,7307,0,7854.925,13.86,105.758,320
1994-09-01,170058,7622,332,1.139,7622.6,7372,0,7501.1680000000015,13.235,100.995,325
1994-10-01,166454,7856,268,1.112,7856.0,7293,0,7434.647,13.118,100.099,342
1994-11-01,164586,7542,312,1.11875,7542.25,7621,0,7352.164000000002,12.973,98.989,361
1994-12-01,171249,7950,240,1.1288,7950.2,7837,0,7804.684,13.771,105.081,354
1995-01-01,175936,7256,206,1.129666667,7256.666667,7388,0,7057.7530000000015,8.753,96.688,325
1995-02-01,178929,7366,179,1.12025,7366.75,7286,0,7370.635,9.141,100.974,326
1995-03-01,176233,7713,278,1.1214,7713.6,7311,0,7672.885,9.516,105.115,322
1995-04-01,166847,7825,284,1.175666667,7825.0,7481,0,7538.7069999999985,9.35,103.277,328
1995-05-01,168008,7892,358,1.233,7892.75,7757,0,7777.547,9.646,106.549,325
1995-06-01,167179,8242,328,1.2352,8242.6,7863,0,8099.331,10.045,110.957,301
1995-07-01,166599,8139,356,1.1955,8139.5,7867,0,7771.445,9.638,106.465,301
1995-08-01,159270,8161,222,1.17,8161.75,7645,0,8066.616,10.005,110.509,327
1995-09-01,155680,7846,261,1.1564,7846.0,7849,0,7671.391,9.514,105.094,333
1995-10-01,157586,7950,327,1.12925,7950.0,7548,0,7666.338000000002,9.508,105.025,332
1995-11-01,152895,7982,267,1.109,7982.333333,7628,0,7750.05,9.612,106.172,330
1995-12-01,156520,7605,251,1.1198,7605.4,7714,0,7627.658,9.46,104.495,325
1996-01-01,164181,7453,361,1.13875,7453.25,7406,0,7161.599,12.809,96.496,295
1996-02-01,168075,7681,381,1.1355,7681.75,7375,0,7484.967,13.387,100.853,283
1996-03-01,164377,7688,380,1.1909999999999998,7688.0,7238,0,7674.735,13.726,103.41,286
1996-04-01,159877,7649,428,1.2885,7649.0,7409,0,7754.71,13.869000000000002,104.488,286
1996-05-01,162585,7857,377,1.3219999999999998,7857.4,7660,0,7949.604,14.218,107.114,288
1996-06-01,163091,8105,399,1.29425,8105.5,7725,0,7966.445,14.248,107.34,298
1996-07-01,160081,8050,267,1.271,8050.5,7781,0,8042.54,14.384,108.366,290
1996-08-01,156833,8110,343,1.249,8110.4,7750,0,8217.896,14.698,110.729,297
1996-09-01,155089,7749,346,1.24825,7749.75,7668,0,7547.0459999999985,13.498,101.689,301
1996-10-01,153445,7880,241,1.249,7880.25,7470,0,7971.781999999998,14.258,107.412,328
1996-11-01,151067,7860,234,1.27775,7860.5,7734,0,7795.651,13.943,105.039,363
1996-12-01,154142,7963,288,1.2805,7963.0,7827,0,7677.308000000001,13.731,103.445,361
1997-01-01,159616,7272,284,1.2824,7272.0,7376,0,7179.437,20.453,101.4,342
1997-02-01,161521,7583,264,1.271,7583.25,7248,0,7539.57,21.479,106.487,356
1997-03-01,154753,7690,338,1.24875,7690.75,7232,0,7665.732,21.838,108.268,377
1997-04-01,149561,7935,357,1.24425,7935.5,7626,0,7929.221,22.589,111.99,373
1997-05-01,152835,8096,371,1.2472,8096.8,7979,0,8003.135,22.799,113.034,379
1997-06-01,160437,8097,341,1.23775,8097.5,8069,0,8149.549,23.216,115.102,396
1997-07-01,156827,8572,315,1.21975,8572.5,8059,0,8353.733,23.798,117.986,382
1997-08-01,147881,8339,265,1.2716,8339.8,7980,0,8095.724,23.063,114.342,409
1997-09-01,151594,8038,259,1.27325,8038.5,8153,0,7888.643,22.473000000000006,111.417,392
1997-10-01,156249,8202,321,1.2378,8202.2,8028,0,8005.101,22.805,113.062,390
1997-11-01,157131,7859,240,1.20975,7859.75,7846,0,7831.71,22.311,110.613,354
1997-12-01,159332,8186,257,1.172,8186.0,8150,0,7930.401,22.592,112.007,361
1998-01-01,170439,7778,303,1.1274,7778.8,7850,0,7501.879,18.906,96.764,380
1998-02-01,171249,7885,272,1.08775,7885.25,7697,0,7593.911,19.138,97.951,380
1998-03-01,165679,7899,263,1.061,7899.0,7535,0,7881.986,19.864,101.667,327
1998-04-01,162099,8361,354,1.07675,8361.0,8038,0,8185.785,20.629,105.585,291
1998-05-01,166590,8151,315,1.105,8151.8,8101,0,8153.318,20.548,105.166,272
1998-06-01,173217,8304,324,1.10225,8304.75,8289,0,8391.021,21.147,108.232,267
1998-07-01,172280,8572,247,1.0902,8572.0,8286,0,8548.546999999999,21.544,110.264,264
1998-08-01,165422,8548,352,1.062,8548.25,8181,0,8438.375,21.266,108.843,226
1998-09-01,162523,8416,300,1.0485,8416.75,8128,0,8183.98,20.625,105.562,215
1998-10-01,158927,8272,329,1.057,8272.6,7919,0,8250.974,20.794,106.426,214
1998-11-01,160934,8095,236,1.038333333,8095.666667,8207,0,8042.691999999999,20.269,103.739,190
1998-12-01,165008,8354,304,0.989666667,8354.666667,8325,0,8322.294,20.973000000000006,107.346,155
1999-01-01,176193,7811,293,0.97875,7811.75,7976,0,7614.7959999999985,13.648,72.847,125
1999-02-01,178434,8138,371,0.958,8138.0,7876,0,7940.802,14.232,75.96600000000002,117
1999-03-01,171457,8357,329,1.03925,8357.0,7763,0,8036.361999999999,14.403,76.88,114
1999-04-01,168389,8130,413,1.1718,8130.2,7937,0,8410.006,15.073,80.454,125
1999-05-01,173754,8374,364,1.16925,8374.0,8283,0,8325.051,14.921,79.641,136
1999-06-01,175766,8646,458,1.154,8646.75,8257,0,8786.167,15.747,84.053,124
1999-07-01,164872,8710,345,1.2042,8710.6,8116,0,8841.155999999999,15.845999999999998,84.579,108
1999-08-01,158486,8597,335,1.26675,8597.0,8280,0,8483.126,15.204,81.154,111
1999-09-01,155966,8685,397,1.29525,8685.0,8314,0,8211.725,14.718,78.557,130
1999-10-01,157426,8489,334,1.2822,8489.8,8263,0,8445.585,15.137,80.795,137
1999-11-01,152104,8392,275,1.2975,8392.25,8104,0,8147.554,14.603,77.943,145
1999-12-01,154393,8288,171,1.312666667,8288.333333,8309,0,8759.535,15.7,83.79799999999999,161
2000-01-01,157505,7938,374,1.33275,7938.5,7918,0,7560.479,21.097,71.166,143
2000-02-01,155271,8153,300,1.41475,8153.25,7772,0,8191.041999999998,22.857,77.101,147
2000-03-01,155321,8150,291,1.5532,8150.2,8102,0,8205.16,22.896,77.234,173
2000-04-01,156156,8302,439,1.461,8302.0,8214,0,8273.898000000001,23.088,77.881,196
2000-05-01,157953,8601,354,1.54275,8601.0,8408,0,8556.295,23.876,80.539,199
2000-06-01,158392,8651,364,1.6652,8651.2,8446,0,8718.11,24.328000000000007,82.06200000000003,201
2000-07-01,161634,8584,335,1.5730000000000002,8584.5,8506,0,8537.938,23.825,80.366,208
2000-08-01,157879,8829,273,1.5055,8829.5,8360,0,8813.096,24.593000000000004,82.956,206
2000-09-01,150178,8400,324,1.5828,8400.6,8211,0,8414.844000000001,23.481,79.208,199
2000-10-01,151319,8637,342,1.57275,8637.25,8143,0,8315.235999999999,23.203000000000007,78.27,212
2000-11-01,147331,8471,429,1.5590000000000002,8471.666667,8230,0,8282.855,23.113000000000003,77.965,234
2000-12-01,155596,8528,394,1.481,8528.0,8372,0,8565.313,23.901,80.624,242
2001-01-01,155786,7820,433,1.49725,7820.5,7755,0,7934.804,18.518,145.937,239
2001-02-01,156318,8164,391,1.4895,8164.5,7746,0,8066.32,18.825,148.355,237
2001-03-01,148905,8476,314,1.4562,8476.0,7915,0,8358.885,19.507,153.736,248
2001-04-01,146461,8472,440,1.621,8472.666667,8392,0,8400.951,19.606,154.51,247
2001-05-01,153962,8531,413,1.7375,8531.75,8535,0,8529.099,19.905,156.86700000000005,235
2001-06-01,165001,8717,410,1.63,8717.4,8751,0,8513.355,19.868,156.577,219
2001-07-01,167094,8975,464,1.45275,8975.0,8458,0,8839.821,20.63,162.582,219
2001-08-01,157210,8844,403,1.4844,8844.0,8210,0,8771.495,20.47,161.325,219
2001-09-01,152538,8461,462,1.52575,8461.5,8352,0,8383.513,19.565,154.189,220
2001-10-01,160526,8646,462,1.332,8646.75,8478,0,8478.914,19.788,155.944,198
2001-11-01,161219,8674,441,1.2075,8674.25,8448,0,8500.619,19.838,156.343,174
2001-12-01,159415,8674,452,1.12175,8674.25,8203,0,8410.809000000001,19.629,154.691,147
2002-01-01,162750,8220,436,1.148,8220.0,8207,0,8053.868,22.066,151.13,141
2002-02-01,165587,8374,420,1.15475,8374.25,7966,0,8425.63,23.085,158.106,144
2002-03-01,158782,8598,452,1.28925,8598.25,8048,0,8473.268,23.216,159.0,144
2002-04-01,159524,8772,617,1.44525,8772.0,8408,0,8581.164,23.511,161.025,136
2002-05-01,167825,8744,488,1.4338,8744.4,8560,0,8887.363000000001,24.35,166.77,134
2002-06-01,166738,8924,575,1.4235,8924.75,8438,0,8947.715,24.516,167.903,138
2002-07-01,165413,9044,560,1.444333333,9044.666667,8575,0,8950.742,24.524,167.96,133
2002-08-01,161404,9162,522,1.4372,9162.8,8591,0,9116.469,24.978,171.06900000000005,125
2002-09-01,159381,8737,479,1.4425,8737.5,8444,0,8503.664,23.299,159.57,122
2002-10-01,152231,8915,415,1.48625,8915.0,8206,0,8628.195,23.64,161.907,140
2002-11-01,149196,8822,609,1.46075,8822.5,8485,0,8642.74,23.68,162.18,146
2002-12-01,156228,8880,459,1.4345,8880.5,8757,0,8706.163,23.854,163.37,137
2003-01-01,161788,8547,496,1.5138,8547.0,8127,0,8223.28,29.684,160.553,132
2003-02-01,155883,8400,456,1.69375,8400.0,8033,0,8332.697,30.079,162.689,153
2003-03-01,146408,8641,543,1.736,8641.5,8006,0,8407.186,30.348000000000006,164.143,171
2003-04-01,146946,8485,599,1.6373333330000002,8485.333333,8168,0,8638.198,31.182,168.65400000000002,185
2003-05-01,151753,8907,542,1.5342,8907.0,8573,0,8837.301,31.9,172.541,167
2003-06-01,154943,8929,507,1.53825,8929.5,8508,0,8962.822,32.353,174.99200000000005,152
2003-07-01,153578,9167,546,1.5623333330000002,9167.666667,8742,0,8983.846,32.429,175.40200000000004,153
2003-08-01,145647,9402,537,1.6856,9402.8,8763,0,9198.651,33.205,179.59599999999998,153
2003-09-01,145418,8929,522,1.7045,8929.0,8704,0,8724.013,31.491,170.329,154
2003-10-01,143928,9165,476,1.6002,9165.8,8610,0,8901.681999999999,32.133,173.798,158
2003-11-01,140059,8984,456,1.547,8984.0,8674,0,8743.268,31.561,170.705,158
2003-12-01,145651,8957,487,1.518666667,8957.333333,8723,0,8807.190999999999,31.792,171.953,153
2004-01-01,147402,8473,331,1.641,8473.5,8183,0,8496.135,22.393,186.473,143
2004-02-01,143036,8780,339,1.71475,8780.0,8393,0,8625.472,22.733,189.312,153
2004-03-01,137699,8890,495,1.783,8890.25,8446,0,8807.511999999999,23.213,193.307,164
2004-04-01,136369,9100,522,1.853,9100.75,8713,0,8906.936,23.475,195.489,154
2004-05-01,137511,9226,543,2.0575,9226.25,8921,0,8959.171,23.613000000000003,196.636,156
2004-06-01,137779,9164,542,2.0125,9164.25,8708,0,9098.135,23.979,199.686,164
2004-07-01,137828,9222,589,1.9494,9222.2,8803,0,9132.931,24.071,200.449,170
2004-08-01,134927,9421,514,1.918,9421.0,8843,0,9102.833,23.992,199.789,170
2004-09-01,131423,9153,519,1.91225,9153.5,8542,0,8799.152,23.191,193.123,166
2004-10-01,131874,8973,510,2.0484,8973.8,8721,0,8878.572,23.401,194.867,171
2004-11-01,135194,9147,523,2.017,9147.333333,8884,0,8837.867,23.293000000000006,193.973,183
2004-12-01,140906,9182,500,1.8835,9182.5,8942,0,8984.673,23.68,197.195,180
2005-01-01,143628,8783,404,1.88725,8783.5,8494,0,8609.542,23.115,179.921,178
2005-02-01,145956,8861,573,1.9525,8861.0,8558,0,8657.261999999999,23.243,180.919,192
2005-03-01,143048,9071,502,2.095666667,9071.333333,8365,0,8786.385,23.589,183.617,186
2005-04-01,138104,9136,592,2.283,9136.8,8721,0,8917.283000000001,23.941,186.353,171
2005-05-01,142745,9337,637,2.18675,9337.0,8997,0,9064.559,24.336,189.43,150
2005-06-01,141602,9414,497,2.19825,9414.75,8963,0,9156.67,24.583,191.355,146
2005-07-01,137331,9512,550,2.333,9512.4,8789,0,9314.142,25.006,194.646,170
2005-08-01,127376,9442,601,2.57725,9442.0,8727,0,9317.391,25.015,194.71400000000003,206
2005-09-01,125166,8831,658,2.9560000000000004,8831.6,8283,0,8709.748,23.384,182.016,210
2005-10-01,128017,8942,735,2.71275,8942.5,8438,0,8827.981,23.701,184.486,217
2005-11-01,132565,9173,626,2.337666667,9173.666667,8801,0,8905.056,23.908,186.097,253
2005-12-01,135274,9293,611,2.23875,9293.25,8786,0,9081.35,24.381,189.781,247
2006-01-01,138076,8878,566,2.38025,8878.5,8645,0,8626.148000000001,24.424,188.8,242
2006-02-01,142573,9011,661,2.32575,9011.75,8478,0,8696.359,24.623,190.337,209
2006-03-01,136041,9076,637,2.5004,9076.0,8234,0,8836.065999999999,25.018,193.395,244
2006-04-01,117033,9136,453,2.8843333330000003,9136.0,8310,0,8933.159,25.293000000000006,195.52,259
2006-05-01,116604,9324,523,2.9495,9324.0,9124,0,9083.049,25.718000000000004,198.8,261
2006-06-01,121688,9478,437,2.9396,9478.8,9246,0,9249.708,26.19,202.448,285
2006-07-01,119848,9600,465,3.037,9600.5,9132,0,9375.423,26.545,205.2,298
2006-08-01,115824,9602,407,2.9985,9602.0,9205,0,9333.037,26.425,204.272,316
2006-09-01,115624,9317,419,2.557,9317.4,9124,0,9012.955,25.519,197.266,305
2006-10-01,115773,9387,465,2.27575,9387.5,8807,0,9043.073,25.604,197.925,288
2006-11-01,110719,9171,504,2.269666667,9171.666667,8702,0,9021.365,25.543000000000006,197.45,288
2006-12-01,112385,9367,400,2.3634,9367.6,9297,0,9112.759,25.802,199.451,281
2007-01-01,121444,9089,371,2.26575,9089.75,9124,0,8701.003,30.728,153.776,270
2007-02-01,123590,9129,373,2.32325,9129.0,8807,0,8819.398000000001,31.146,155.869,266
2007-03-01,115717,9266,369,2.6374,9266.0,8767,0,8987.043,31.738000000000003,158.832,282
2007-04-01,105424,9285,463,2.926,9285.5,8627,0,9024.076,31.869,159.486,285
2007-05-01,106419,9416,619,3.187,9416.5,9111,0,9238.406,32.626,163.274,282
2007-06-01,112169,9541,507,3.0826,9541.0,9324,0,9294.266,32.823,164.261,283
2007-07-01,112132,9680,450,3.01225,9680.75,9273,0,9439.432,33.336,166.827,285
2007-08-01,108214,9622,397,2.8354,9622.4,9190,0,9382.993,33.136,165.83,306
2007-09-01,104405,9248,452,2.84875,9248.75,8850,0,9062.077,32.003,160.158,302
2007-10-01,105175,9295,542,2.857,9295.25,8927,0,9044.293,31.94,159.844,321
2007-11-01,104707,9260,448,3.11975,9260.5,8961,0,9037.544,31.916,159.724,341
2007-12-01,106273,9341,426,3.05975,9341.75,9085,0,9058.775,31.991,160.1,338
2008-01-01,110296,9081,455,3.0945,9081.0,8986,0,8658.095,23.469,128.30100000000002,321
2008-02-01,116094,9035,435,3.105,9035.4,8861,0,8713.483,23.619,129.122,331
2008-03-01,115409,9162,349,3.3135,9162.0,8713,0,8910.054,24.152,132.034,343
2008-04-01,108439,9257,381,3.50725,9257.0,8892,0,8955.271,24.275,132.705,358
2008-05-01,104424,9303,396,3.8572,9303.0,8964,0,9091.726,24.645,134.727,375
2008-06-01,106200,9338,490,4.12525,9338.25,9008,0,8952.765,24.268,132.667,383
2008-07-01,106909,9375,379,4.11425,9375.25,9060,0,8992.154,24.375,133.251,380
2008-08-01,97451,9437,168,3.8128,9437.6,9115,0,8976.873,24.333,133.025,397
2008-09-01,88472,8867,338,3.76175,8867.0,8342,0,8350.828000000001,22.636,123.748,417
2008-10-01,94159,8960,333,2.982,8960.4,9003,0,8868.773000000001,24.04,131.423,422
2008-11-01,95093,8936,149,2.122666667,8936.0,8934,0,8750.438,23.719,129.66899999999998,426
2008-12-01,94330,9040,166,1.7135,9040.75,9056,0,8773.572,23.782,130.012,391
2009-01-01,96941,8810,214,1.8608,8810.8,8799,0,8473.62,26.742,122.584,328
2009-02-01,93056,9032,169,1.98625,9032.0,8799,0,8683.468,27.404,125.62,271
2009-03-01,89075,9038,324,2.017,9038.0,8715,0,8748.56,27.61,126.561,225
2009-04-01,87175,9103,177,2.101333333,9103.666667,8948,0,8872.735,28.002,128.358,209
2009-05-01,84346,9124,273,2.3672,9124.8,8907,0,8926.648000000001,28.172,129.138,187
2009-06-01,83174,9169,282,2.70825,9169.25,9136,0,9020.871,28.469,130.501,194
2009-07-01,85696,9197,261,2.5675,9197.0,9061,0,9100.066,28.719,131.64600000000002,245
2009-08-01,84990,9184,309,2.685,9184.75,8983,0,9133.843,28.826,132.135,279
2009-09-01,85364,9050,190,2.60875,9050.0,9064,0,8756.289,27.634,126.673,293
2009-10-01,80356,9069,141,2.633,9069.6,8840,0,8830.733,27.869,127.75,312
2009-11-01,79248,8983,161,2.699333333,8983.666667,9053,0,8751.407,27.619,126.602,362
2009-12-01,82419,9006,189,2.6630000000000003,9006.666667,9074,0,8776.488000000001,27.698,126.965,404
2010-01-01,84299,8643,214,2.7685,8643.5,8574,0,8360.055,26.545,132.94299999999998,433
2010-02-01,84765,8808,221,2.709,8808.25,8732,0,8418.764000000001,26.732,133.876,446
2010-03-01,81818,8997,103,2.8415,8997.0,8944,0,8628.232,27.397,137.207,471
2010-04-01,80651,9262,152,2.91775,9262.25,9248,0,8937.312,28.378,142.122,508
2010-05-01,78733,9126,110,2.8755,9126.25,9091,0,8990.969000000001,28.549,142.976,541
2010-06-01,77310,9308,119,2.785,9308.75,9224,155,9136.677,29.011,145.293,566
2010-07-01,77387,9414,115,2.7828,9414.6,9387,155,9126.77,28.98,145.135,591
2010-08-01,76727,9364,114,2.782,9364.0,9287,187,9082.15,28.838,144.425,644
2010-09-01,76400,9128,78,2.75725,9128.0,9059,207,8941.698,28.392,142.192,668
2010-10-01,71899,9013,144,2.8546,9013.0,9114,204,8846.847,28.091,140.684,693
2010-11-01,69010,8945,95,2.930666667,8945.666667,9054,178,8650.895,27.469,137.56799999999998,723
2010-12-01,69679,9244,119,3.028333333,9244.333333,9340,167,8744.011999999999,27.765,139.048,759
2011-01-01,67395,8693,83,3.1545,8693.75,8798,191,8215.780999999999,22.789,131.585,793
2011-02-01,72999,8899,118,3.264,8899.25,8961,217,8445.351999999999,23.425,135.261,801
2011-03-01,67841,8990,91,3.615,8990.5,8938,267,8636.364,23.955,138.321,830
2011-04-01,60138,9009,125,3.8725,9009.75,8962,272,8634.029,23.949,138.283,896
2011-05-01,55990,9082,116,3.946,9082.5,9256,215,8654.643,24.006,138.613,948
2011-06-01,57491,9278,138,3.73475,9278.25,9320,245,8899.818000000001,24.686,142.54,979
2011-07-01,54922,9113,87,3.717,9113.4,9308,257,8864.664,24.588,141.977,1014
2011-08-01,54276,9169,118,3.678,9169.25,9413,360,8760.684000000001,24.3,140.312,1055
2011-09-01,55540,8917,92,3.6318,8917.0,9140,359,8582.622,23.806,137.46,1063
2011-10-01,54750,8656,48,3.51,8656.75,8936,486,8489.076,23.547,135.96200000000002,1077
2011-11-01,55042,8664,73,3.443,8664.25,8988,530,8379.676,23.243,134.21,1125
2011-12-01,59208,8706,90,3.328666667,8706.333333,9200,525,8523.232,23.641,136.509,1177
2012-01-01,61760,8072,86,3.4605,8072.75,8586,600,8042.273,19.655,128.481,1208
2012-02-01,62280,8299,49,3.6395,8299.25,8643,603,8442.27,20.632,134.872,1261
2012-03-01,58508,8509,93,3.925,8509.8,8661,474,8426.849,20.595,134.625,1307
2012-04-01,53947,8654,72,3.932666667,8654.333333,8670,412,8582.434000000001,20.975,137.111,1329
2012-05-01,50290,8849,54,3.791,8849.75,8926,411,8816.796999999999,21.548,140.855,1373
2012-06-01,50876,8863,72,3.5596,8863.6,9057,389,8832.84,21.587,141.111,1409
2012-07-01,52245,8756,41,3.519,8756.25,8914,373,8650.942,21.142,138.205,1419
2012-08-01,51075,9093,34,3.8048,9093.8,9011,331,8988.269,21.967,143.594,1423
2012-09-01,49436,8682,58,3.90025,8682.5,8723,362,8406.011,20.544,134.292,1409
2012-10-01,48434,8663,28,3.7985,8663.25,8860,336,8543.371,20.879,136.487,1407
2012-11-01,52397,8616,52,3.51025,8616.75,8954,334,8329.169,20.356,133.065,1385
2012-12-01,57644,8558,63,3.36,8558.0,9078,431,8237.132,20.131,131.594,1358
2013-01-01,58083,8315,36,3.39075,8315.5,8587,473,8176.821999999999,20.342,133.937,1318
2013-02-01,58281,8463,19,3.736,8463.25,8766,510,8239.904,20.499,134.97,1332
2013-03-01,53827,8428,14,3.77875,8428.5,8754,569,8480.541,21.097,138.912,1339
2013-04-01,49490,8506,41,3.61925,8506.25,8927,516,8691.39,21.622,142.366,1374
2013-05-01,47317,8670,11,3.681,8670.8,9062,378,8866.141,22.057,145.22799999999995,1407
2013-06-01,50240,8919,72,3.654,8919.0,9282,313,8909.427,22.164,145.937,1404
2013-07-01,50619,8952,59,3.724333333,8952.666667,9156,278,8976.764000000001,22.332,147.04,1396
2013-08-01,49810,9152,66,3.6514,9152.2,9221,311,8955.266,22.278,146.688,1388
2013-09-01,48060,8751,23,3.58575,8751.5,8956,360,8780.779,21.844,143.83,1364
2013-10-01,47633,8943,27,3.4195,8943.5,8996,374,8778.261,21.838,143.78799999999995,1364
2013-11-01,39582,9039,49,3.32175,9039.25,9401,375,8757.571,21.786,143.45,1384
2013-12-01,41332,8858,44,3.35775,8858.25,9430,430,8508.961,21.168000000000006,139.377,1396
2014-01-01,41399,8278,40,3.388,8278.0,8921,533,8140.93,27.033,105.477,1403
2014-02-01,39790,8325,12,3.4795,8325.25,9090,581,8508.233,28.253,110.236,1424
2014-03-01,36512,8794,29,3.619,8794.0,9357,564,8557.378,28.416,110.872,1466
2014-04-01,31638,8768,43,3.727666667,8768.333333,9850,485,8811.706,29.26,114.167,1515
2014-05-01,29123,9099,52,3.753,9099.6,10294,393,8878.280999999999,29.482,115.03,1530
2014-06-01,28982,8965,45,3.76625,8965.75,10152,380,8894.593,29.536,115.241,1545
2014-07-01,28872,8951,30,3.666666667,8951.666667,9835,412,9100.544,30.22,117.91,1560
2014-08-01,28457,9127,27,3.5588,9127.2,9808,437,9161.938,30.423,118.705,1578
2014-09-01,28438,8689,46,3.47125,8689.75,9423,383,8680.322,28.824,112.465,1592
2014-10-01,26905,8910,53,3.219,8910.6,9450,437,9001.382,29.89,116.625,1596
2014-11-01,27591,9151,58,2.97,9151.0,9532,396,8778.282,29.149,113.734,1573
2014-12-01,30143,9263,36,2.5745,9263.5,9791,354,8797.576,29.214,113.984,1539
2015-01-01,29932,8799,106,2.1968,8799.8,9253,416,8315.886999999999,191.717,131.497,1362
2015-02-01,29658,8659,24,2.40125,8659.0,9435,588,8498.257,195.922,134.381,1050
2015-03-01,29155,8957,14,2.544,8957.25,9576,612,8717.704,200.981,137.851,857
2015-04-01,26561,9006,60,2.5733333330000003,9006.333333,9835,546,8845.658000000001,203.931,139.874,750
2015-05-01,25476,9191,48,2.8144,9191.8,9800,498,8915.92,205.551,140.985,662
2015-06-01,25969,9540,25,2.89025,9540.5,9842,396,9064.745,208.982,143.339,634
2015-07-01,25413,9544,28,2.855,9544.75,9897,385,9115.985,210.163,144.149,649
2015-08-01,25527,9504,31,2.71275,9504.5,10067,431,9106.166,209.936,143.994,673
2015-09-01,27325,9059,57,2.4615,9059.0,9775,442,8941.098,206.131,141.384,650
2015-10-01,27850,9155,67,2.3738,9155.8,9843,483,8898.8,205.156,140.715,597
2015-11-01,28101,9121,86,2.2713333330000003,9121.0,9840,498,8770.743,202.204,138.69,566
2015-12-01,27051,9275,33,2.145333333,9275.0,9666,568,8805.34,203.001,139.237,537
2016-01-01,27615,8715,60,2.00575,8715.25,9332,466,8333.676,188.09,131.52,510
2016-02-01,27781,9255,62,1.857,9255.5,9747,444,8880.697,200.436,140.153,430
2016-03-01,27009,9457,67,2.0380000000000003,9457.333333,9698,398,9026.952,203.737,142.461,384
2016-04-01,25080,9423,138,2.241,9423.6,9787,398,8836.643,199.442,139.458,348
2016-05-01,24271,9661,56,2.37825,9661.25,9920,403,9069.074,204.688,143.126,320
2016-06-01,24697,9713,134,2.467,9713.5,10031,379,9253.059,208.84,146.03,330
2016-07-01,25581,9752,83,2.3294,9752.0,10228,418,9223.846,208.181,145.569,359
2016-08-01,25471,9675,96,2.2880000000000003,9675.25,10216,477,9329.312,210.561,147.233,397
2016-09-01,25126,9384,43,2.332,9384.2,10031,617,9133.449,206.141,144.142,416
2016-10-01,25220,9090,56,2.3605,9090.75,10038,763,8757.457,197.655,138.208,436
2016-11-01,24936,9198,32,2.3040000000000003,9198.666667,10029,967,8892.199,200.696,140.335,462
2016-12-01,26488,8928,44,2.3894,8928.6,9955,1012,8940.323,201.782,141.094,507
2017-01-01,28597,8222,30,2.45175,8222.0,9245,920,8197.571,178.41400000000004,130.71,542
2017-02-01,27875,8680,47,2.416,8680.75,9407,799,8680.426,188.923,138.409,593
2017-03-01,24279,9298,21,2.4436,9298.2,9695,613,8986.38,195.582,143.287,634
2017-04-01,21499,9212,64,2.538333333,9212.333333,9876,689,8957.391,194.951,142.825,685
2017-05-01,21622,9596,36,2.49775,9596.5,10152,613,9202.78,200.292,146.738,714
2017-06-01,22251,9529,44,2.4434,9529.0,10107,622,9417.15,204.958,150.156,747
2017-07-01,23219,9760,23,2.424,9760.25,10189,556,9246.554,201.245,147.436,765
2017-08-01,23974,9698,29,2.494,9698.5,10240,638,9397.343,204.527,149.84,764
2017-09-01,22991,9397,50,2.7454,9397.2,9718,516,9036.794,196.68,144.091,752
2017-10-01,22288,9347,49,2.60575,9347.75,10053,679,9017.099,196.251,143.77700000000004,741
2017-11-01,21717,9421,19,2.687333333,9421.0,10270,752,8779.415,191.078,139.987,738
2017-12-01,24821,9109,14,2.6024,9109.4,10069,848,8910.553,193.932,142.078,748
2018-01-01,24241,8805,9,2.67975,8805.75,9324,798,8468.259,184.306,135.026,750
2018-02-01,25126,9007,32,2.70475,9007.75,9798,730,8476.507,184.485,135.158,788
2018-03-01,24623,9362,37,2.709,9362.5,9982,832,9120.614,198.504,145.428,799
2018-04-01,23809,9325,18,2.88725,9325.75,10025,782,8871.431,193.08,141.455,817
2018-05-01,22123,9671,35,2.98675,9671.0,10037,629,9169.47,199.567,146.207,845
2018-06-01,23913,9556,11,2.9604,9556.2,10051,569,9441.017,205.477,150.537,861
2018-07-01,23854,9676,18,2.92875,9676.75,10173,775,9290.079,202.192,148.13,861
2018-08-01,23338,9588,75,2.912,9588.8,10143,645,9422.839,205.082,150.247,864
2018-09-01,24836,9318,83,2.92575,9318.0,9990,788,8819.961,191.96,140.634,864
2018-10-01,23958,9211,78,2.9415,9211.5,10226,1043,8956.106,194.923,142.805,870
2018-11-01,24255,9088,32,2.71425,9088.25,10146,830,8952.806,194.852,142.752,884
2018-12-01,25355,9062,37,2.4355,9062.5,10112,995,8845.011,192.505,141.033,880
2019-01-01,27226,8933,28,2.3375,8933.0,9576,677,8425.335,183.372,134.342,866
2019-02-01,26453,8875,56,2.39325,8875.5,9876,870,8637.483,187.989,137.724,853
2019-03-01,22634,9173,41,2.6294,9173.2,9934,761,8841.081,192.42,140.971,830
2019-04-01,20890,9484,102,2.903333333,9484.666667,10046,647,9016.374,196.235,143.766,824
2019-05-01,22230,9456,161,2.9356,9456.6,10134,617,9059.136,197.166,144.44799999999995,802
2019-06-01,22406,9690,34,2.77975,9690.75,10266,665,9322.894,202.906,148.653,790
2019-07-01,22372,9482,30,2.830333333,9482.0,10061,661,9139.469,198.914,145.72799999999995,782
2019-08-01,22391,9716,100,2.6956,9716.0,10294,685,9463.929,205.976,150.90200000000004,760
